sample_id	family_id	role	affected	fastq_r1	fastq_r2	bam_path
2004116S1OWC_L3_R90Y0000726	2004116S1OWC_L3_R90Y0000726	unknown	0	/home/zhangmeigroup/luoxin23/upload20251105/fastq/2004116S1OWC_L3_R90Y0000726.R1.fastq.gz	/home/zhangmeigroup/luoxin23/upload20251105/fastq/2004116S1OWC_L3_R90Y0000726.R2.fastq.gz	
2004117S1OWC_L3_R65Y0000645	2004117S1OWC_L3_R65Y0000645	unknown	0	/home/zhangmeigroup/luoxin23/upload20251105/fastq/2004117S1OWC_L3_R65Y0000645.R1.fastq.gz	/home/zhangmeigroup/luoxin23/upload20251105/fastq/2004117S1OWC_L3_R65Y0000645.R2.fastq.gz	
2004118S1OWC_L3_R69F0000551	2004118S1OWC_L3_R69F0000551	unknown	0	/home/zhangmeigroup/luoxin23/upload20251105/fastq/2004118S1OWC_L3_R69F0000551.R1.fastq.gz	/home/zhangmeigroup/luoxin23/upload20251105/fastq/2004118S1OWC_L3_R69F0000551.R2.fastq.gz	
2004119S1OWC_L4_R63Y0000715	2004119S1OWC_L4_R63Y0000715	unknown	0	/home/zhangmeigroup/luoxin23/upload20251105/fastq/2004119S1OWC_L4_R63Y0000715.R1.fastq.gz	/home/zhangmeigroup/luoxin23/upload20251105/fastq/2004119S1OWC_L4_R63Y0000715.R2.fastq.gz	
2004120S1OWC_L4_R13Y0000684	2004120S1OWC_L4_R13Y0000684	unknown	0	/home/zhangmeigroup/luoxin23/upload20251105/fastq/2004120S1OWC_L4_R13Y0000684.R1.fastq.gz	/home/zhangmeigroup/luoxin23/upload20251105/fastq/2004120S1OWC_L4_R13Y0000684.R2.fastq.gz	
2004121S1OWC_L4_R68Y0000665	2004121S1OWC_L4_R68Y0000665	unknown	0	/home/zhangmeigroup/luoxin23/upload20251105/fastq/2004121S1OWC_L4_R68Y0000665.R1.fastq.gz	/home/zhangmeigroup/luoxin23/upload20251105/fastq/2004121S1OWC_L4_R68Y0000665.R2.fastq.gz	
2004122S1OWC_L4_R04Y0002393	2004122S1OWC_L4_R04Y0002393	unknown	0	/home/zhangmeigroup/luoxin23/upload20251105/fastq/2004122S1OWC_L4_R04Y0002393.R1.fastq.gz	/home/zhangmeigroup/luoxin23/upload20251105/fastq/2004122S1OWC_L4_R04Y0002393.R2.fastq.gz	
2004123S1OWC_L4_R58Y0000662	2004123S1OWC_L4_R58Y0000662	unknown	0	/home/zhangmeigroup/luoxin23/upload20251105/fastq/2004123S1OWC_L4_R58Y0000662.R1.fastq.gz	/home/zhangmeigroup/luoxin23/upload20251105/fastq/2004123S1OWC_L4_R58Y0000662.R2.fastq.gz	
2004124S1OWC_L4_R19Y0000081	2004124S1OWC_L4_R19Y0000081	unknown	0	/home/zhangmeigroup/luoxin23/upload20251105/fastq/2004124S1OWC_L4_R19Y0000081.R1.fastq.gz	/home/zhangmeigroup/luoxin23/upload20251105/fastq/2004124S1OWC_L4_R19Y0000081.R2.fastq.gz	
2004125S1OWC_L4_R64Y0000648	2004125S1OWC_L4_R64Y0000648	unknown	0	/home/zhangmeigroup/luoxin23/upload20251105/fastq/2004125S1OWC_L4_R64Y0000648.R1.fastq.gz	/home/zhangmeigroup/luoxin23/upload20251105/fastq/2004125S1OWC_L4_R64Y0000648.R2.fastq.gz	
2004126S1OWC_L1_R65Y0000662	2004126S1OWC_L1_R65Y0000662	unknown	0	/home/zhangmeigroup/luoxin23/upload20251105/fastq/2004126S1OWC_L1_R65Y0000662.R1.fastq.gz	/home/zhangmeigroup/luoxin23/upload20251105/fastq/2004126S1OWC_L1_R65Y0000662.R2.fastq.gz	
2004127S1OWC_L1_R69Y0000081	2004127S1OWC_L1_R69Y0000081	unknown	0	/home/zhangmeigroup/luoxin23/upload20251105/fastq/2004127S1OWC_L1_R69Y0000081.R1.fastq.gz	/home/zhangmeigroup/luoxin23/upload20251105/fastq/2004127S1OWC_L1_R69Y0000081.R2.fastq.gz	
2004128S1OWC_L1_R26Y0000648	2004128S1OWC_L1_R26Y0000648	unknown	0	/home/zhangmeigroup/luoxin23/upload20251105/fastq/2004128S1OWC_L1_R26Y0000648.R1.fastq.gz	/home/zhangmeigroup/luoxin23/upload20251105/fastq/2004128S1OWC_L1_R26Y0000648.R2.fastq.gz	
2004129S1OWC_L1_R48F0000341	2004129S1OWC_L1_R48F0000341	unknown	0	/home/zhangmeigroup/luoxin23/upload20251105/fastq/2004129S1OWC_L1_R48F0000341.R1.fastq.gz	/home/zhangmeigroup/luoxin23/upload20251105/fastq/2004129S1OWC_L1_R48F0000341.R2.fastq.gz	
2004357S1OWC_L3_R04F0000552	2004357S1OWC_L3_R04F0000552	unknown	0	/home/zhangmeigroup/luoxin23/upload20251105/fastq/2004357S1OWC_L3_R04F0000552.R1.fastq.gz	/home/zhangmeigroup/luoxin23/upload20251105/fastq/2004357S1OWC_L3_R04F0000552.R2.fastq.gz	
2004358S1OWC_L3_R58Y0000715	2004358S1OWC_L3_R58Y0000715	unknown	0	/home/zhangmeigroup/luoxin23/upload20251105/fastq/2004358S1OWC_L3_R58Y0000715.R1.fastq.gz	/home/zhangmeigroup/luoxin23/upload20251105/fastq/2004358S1OWC_L3_R58Y0000715.R2.fastq.gz	
2004359S1OWC_L3_R64Y0000684	2004359S1OWC_L3_R64Y0000684	unknown	0	/home/zhangmeigroup/luoxin23/upload20251105/fastq/2004359S1OWC_L3_R64Y0000684.R1.fastq.gz	/home/zhangmeigroup/luoxin23/upload20251105/fastq/2004359S1OWC_L3_R64Y0000684.R2.fastq.gz	
2004360S1OWC_L3_R63Y0000645	2004360S1OWC_L3_R63Y0000645	unknown	0	/home/zhangmeigroup/luoxin23/upload20251105/fastq/2004360S1OWC_L3_R63Y0000645.R1.fastq.gz	/home/zhangmeigroup/luoxin23/upload20251105/fastq/2004360S1OWC_L3_R63Y0000645.R2.fastq.gz	
2004361S1OWC_L3_R60Y0000665	2004361S1OWC_L3_R60Y0000665	unknown	0	/home/zhangmeigroup/luoxin23/upload20251105/fastq/2004361S1OWC_L3_R60Y0000665.R1.fastq.gz	/home/zhangmeigroup/luoxin23/upload20251105/fastq/2004361S1OWC_L3_R60Y0000665.R2.fastq.gz	
2004362S1OWC_L3_R06Y0002393	2004362S1OWC_L3_R06Y0002393	unknown	0	/home/zhangmeigroup/luoxin23/upload20251105/fastq/2004362S1OWC_L3_R06Y0002393.R1.fastq.gz	/home/zhangmeigroup/luoxin23/upload20251105/fastq/2004362S1OWC_L3_R06Y0002393.R2.fastq.gz	
2004363S1OWC_L3_R90Y0000662	2004363S1OWC_L3_R90Y0000662	unknown	0	/home/zhangmeigroup/luoxin23/upload20251105/fastq/2004363S1OWC_L3_R90Y0000662.R1.fastq.gz	/home/zhangmeigroup/luoxin23/upload20251105/fastq/2004363S1OWC_L3_R90Y0000662.R2.fastq.gz	
2004429S1OWC_L3_R30F0000551	2004429S1OWC_L3_R30F0000551	unknown	0	/home/zhangmeigroup/luoxin23/upload20251105/fastq/2004429S1OWC_L3_R30F0000551.R1.fastq.gz	/home/zhangmeigroup/luoxin23/upload20251105/fastq/2004429S1OWC_L3_R30F0000551.R2.fastq.gz	
2004430S1OWC_L3_R13Y0000647	2004430S1OWC_L3_R13Y0000647	unknown	0	/home/zhangmeigroup/luoxin23/upload20251105/fastq/2004430S1OWC_L3_R13Y0000647.R1.fastq.gz	/home/zhangmeigroup/luoxin23/upload20251105/fastq/2004430S1OWC_L3_R13Y0000647.R2.fastq.gz	
2004431S1OWC_L3_R68Y0000740	2004431S1OWC_L3_R68Y0000740	unknown	0	/home/zhangmeigroup/luoxin23/upload20251105/fastq/2004431S1OWC_L3_R68Y0000740.R1.fastq.gz	/home/zhangmeigroup/luoxin23/upload20251105/fastq/2004431S1OWC_L3_R68Y0000740.R2.fastq.gz	
2101039S1OWC_L1_R64Y0000684	2101039S1OWC_L1_R64Y0000684	unknown	0	/home/zhangmeigroup/luoxin23/upload20251105/fastq/2101039S1OWC_L1_R64Y0000684.R1.fastq.gz	/home/zhangmeigroup/luoxin23/upload20251105/fastq/2101039S1OWC_L1_R64Y0000684.R2.fastq.gz	
2101040S1OWC_L1_R60Y0000665	2101040S1OWC_L1_R60Y0000665	unknown	0	/home/zhangmeigroup/luoxin23/upload20251105/fastq/2101040S1OWC_L1_R60Y0000665.R1.fastq.gz	/home/zhangmeigroup/luoxin23/upload20251105/fastq/2101040S1OWC_L1_R60Y0000665.R2.fastq.gz	
2101041S1OWC_L1_R06Y0002393	2101041S1OWC_L1_R06Y0002393	unknown	0	/home/zhangmeigroup/luoxin23/upload20251105/fastq/2101041S1OWC_L1_R06Y0002393.R1.fastq.gz	/home/zhangmeigroup/luoxin23/upload20251105/fastq/2101041S1OWC_L1_R06Y0002393.R2.fastq.gz	
2101042S1OWC_L1_R90Y0000662	2101042S1OWC_L1_R90Y0000662	unknown	0	/home/zhangmeigroup/luoxin23/upload20251105/fastq/2101042S1OWC_L1_R90Y0000662.R1.fastq.gz	/home/zhangmeigroup/luoxin23/upload20251105/fastq/2101042S1OWC_L1_R90Y0000662.R2.fastq.gz	
2101464S1OWC_L1_R48Y0000647	2101464S1OWC_L1_R48Y0000647	unknown	0	/home/zhangmeigroup/luoxin23/upload20251105/fastq/2101464S1OWC_L1_R48Y0000647.R1.fastq.gz	/home/zhangmeigroup/luoxin23/upload20251105/fastq/2101464S1OWC_L1_R48Y0000647.R2.fastq.gz	
2101465S1OWC_L1_R63Y0000740	2101465S1OWC_L1_R63Y0000740	unknown	0	/home/zhangmeigroup/luoxin23/upload20251105/fastq/2101465S1OWC_L1_R63Y0000740.R1.fastq.gz	/home/zhangmeigroup/luoxin23/upload20251105/fastq/2101465S1OWC_L1_R63Y0000740.R2.fastq.gz	
2101466S1OWC_L1_R30F0000552	2101466S1OWC_L1_R30F0000552	unknown	0	/home/zhangmeigroup/luoxin23/upload20251105/fastq/2101466S1OWC_L1_R30F0000552.R1.fastq.gz	/home/zhangmeigroup/luoxin23/upload20251105/fastq/2101466S1OWC_L1_R30F0000552.R2.fastq.gz	
2101467S1OWC_L1_R13Y0000715	2101467S1OWC_L1_R13Y0000715	unknown	0	/home/zhangmeigroup/luoxin23/upload20251105/fastq/2101467S1OWC_L1_R13Y0000715.R1.fastq.gz	/home/zhangmeigroup/luoxin23/upload20251105/fastq/2101467S1OWC_L1_R13Y0000715.R2.fastq.gz	
2101468S1OWC_L1_R04Y0000684	2101468S1OWC_L1_R04Y0000684	unknown	0	/home/zhangmeigroup/luoxin23/upload20251105/fastq/2101468S1OWC_L1_R04Y0000684.R1.fastq.gz	/home/zhangmeigroup/luoxin23/upload20251105/fastq/2101468S1OWC_L1_R04Y0000684.R2.fastq.gz	
2101469S1OWC_L1_R58Y0000665	2101469S1OWC_L1_R58Y0000665	unknown	0	/home/zhangmeigroup/luoxin23/upload20251105/fastq/2101469S1OWC_L1_R58Y0000665.R1.fastq.gz	/home/zhangmeigroup/luoxin23/upload20251105/fastq/2101469S1OWC_L1_R58Y0000665.R2.fastq.gz	
2101470S1OWC_L1_R19Y0002393	2101470S1OWC_L1_R19Y0002393	unknown	0	/home/zhangmeigroup/luoxin23/upload20251105/fastq/2101470S1OWC_L1_R19Y0002393.R1.fastq.gz	/home/zhangmeigroup/luoxin23/upload20251105/fastq/2101470S1OWC_L1_R19Y0002393.R2.fastq.gz	
2101471S1OWC_L1_R64Y0000662	2101471S1OWC_L1_R64Y0000662	unknown	0	/home/zhangmeigroup/luoxin23/upload20251105/fastq/2101471S1OWC_L1_R64Y0000662.R1.fastq.gz	/home/zhangmeigroup/luoxin23/upload20251105/fastq/2101471S1OWC_L1_R64Y0000662.R2.fastq.gz	
2101472S1OWC_L1_R60Y0000081	2101472S1OWC_L1_R60Y0000081	unknown	0	/home/zhangmeigroup/luoxin23/upload20251105/fastq/2101472S1OWC_L1_R60Y0000081.R1.fastq.gz	/home/zhangmeigroup/luoxin23/upload20251105/fastq/2101472S1OWC_L1_R60Y0000081.R2.fastq.gz	
2101473S1OWC_L1_R06Y0000648	2101473S1OWC_L1_R06Y0000648	unknown	0	/home/zhangmeigroup/luoxin23/upload20251105/fastq/2101473S1OWC_L1_R06Y0000648.R1.fastq.gz	/home/zhangmeigroup/luoxin23/upload20251105/fastq/2101473S1OWC_L1_R06Y0000648.R2.fastq.gz	
2101474S1OWC_L1_R90F0000341	2101474S1OWC_L1_R90F0000341	unknown	0	/home/zhangmeigroup/luoxin23/upload20251105/fastq/2101474S1OWC_L1_R90F0000341.R1.fastq.gz	/home/zhangmeigroup/luoxin23/upload20251105/fastq/2101474S1OWC_L1_R90F0000341.R2.fastq.gz	
2101964S1OWC_L3_R30Y0000666	2101964S1OWC_L3_R30Y0000666	unknown	0	/home/zhangmeigroup/luoxin23/upload20251105/fastq/2101964S1OWC_L3_R30Y0000666.R1.fastq.gz	/home/zhangmeigroup/luoxin23/upload20251105/fastq/2101964S1OWC_L3_R30Y0000666.R2.fastq.gz	
2101965S1OWC_L3_R13Y0000726	2101965S1OWC_L3_R13Y0000726	unknown	0	/home/zhangmeigroup/luoxin23/upload20251105/fastq/2101965S1OWC_L3_R13Y0000726.R1.fastq.gz	/home/zhangmeigroup/luoxin23/upload20251105/fastq/2101965S1OWC_L3_R13Y0000726.R2.fastq.gz	
2101966S1OWC_L3_R68Y0000645	2101966S1OWC_L3_R68Y0000645	unknown	0	/home/zhangmeigroup/luoxin23/upload20251105/fastq/2101966S1OWC_L3_R68Y0000645.R1.fastq.gz	/home/zhangmeigroup/luoxin23/upload20251105/fastq/2101966S1OWC_L3_R68Y0000645.R2.fastq.gz	
2101967S1OWC_L1_R58Y0000647	2101967S1OWC_L1_R58Y0000647	unknown	0	/home/zhangmeigroup/luoxin23/upload20251105/fastq/2101967S1OWC_L1_R58Y0000647.R1.fastq.gz	/home/zhangmeigroup/luoxin23/upload20251105/fastq/2101967S1OWC_L1_R58Y0000647.R2.fastq.gz	
2101968S1OWC_L1_R19Y0000740	2101968S1OWC_L1_R19Y0000740	unknown	0	/home/zhangmeigroup/luoxin23/upload20251105/fastq/2101968S1OWC_L1_R19Y0000740.R1.fastq.gz	/home/zhangmeigroup/luoxin23/upload20251105/fastq/2101968S1OWC_L1_R19Y0000740.R2.fastq.gz	
2101969S1OWC_L1_R60Y0000715	2101969S1OWC_L1_R60Y0000715	unknown	0	/home/zhangmeigroup/luoxin23/upload20251105/fastq/2101969S1OWC_L1_R60Y0000715.R1.fastq.gz	/home/zhangmeigroup/luoxin23/upload20251105/fastq/2101969S1OWC_L1_R60Y0000715.R2.fastq.gz	
2101970S1OWC_L1_R90Y0000684	2101970S1OWC_L1_R90Y0000684	unknown	0	/home/zhangmeigroup/luoxin23/upload20251105/fastq/2101970S1OWC_L1_R90Y0000684.R1.fastq.gz	/home/zhangmeigroup/luoxin23/upload20251105/fastq/2101970S1OWC_L1_R90Y0000684.R2.fastq.gz	
2101971S1OWC_L1_R65Y0000665	2101971S1OWC_L1_R65Y0000665	unknown	0	/home/zhangmeigroup/luoxin23/upload20251105/fastq/2101971S1OWC_L1_R65Y0000665.R1.fastq.gz	/home/zhangmeigroup/luoxin23/upload20251105/fastq/2101971S1OWC_L1_R65Y0000665.R2.fastq.gz	
2101972S1OWC_L1_R69Y0002393	2101972S1OWC_L1_R69Y0002393	unknown	0	/home/zhangmeigroup/luoxin23/upload20251105/fastq/2101972S1OWC_L1_R69Y0002393.R1.fastq.gz	/home/zhangmeigroup/luoxin23/upload20251105/fastq/2101972S1OWC_L1_R69Y0002393.R2.fastq.gz	
2102160S1OWC_L2_R04Y0000726	2102160S1OWC_L2_R04Y0000726	unknown	0	/home/zhangmeigroup/luoxin23/upload20251105/fastq/2102160S1OWC_L2_R04Y0000726.R1.fastq.gz	/home/zhangmeigroup/luoxin23/upload20251105/fastq/2102160S1OWC_L2_R04Y0000726.R2.fastq.gz	
2102161S1OWC_L2_R58Y0000645	2102161S1OWC_L2_R58Y0000645	unknown	0	/home/zhangmeigroup/luoxin23/upload20251105/fastq/2102161S1OWC_L2_R58Y0000645.R1.fastq.gz	/home/zhangmeigroup/luoxin23/upload20251105/fastq/2102161S1OWC_L2_R58Y0000645.R2.fastq.gz	
2102162S1OWC_L2_R19F0000551	2102162S1OWC_L2_R19F0000551	unknown	0	/home/zhangmeigroup/luoxin23/upload20251105/fastq/2102162S1OWC_L2_R19F0000551.R1.fastq.gz	/home/zhangmeigroup/luoxin23/upload20251105/fastq/2102162S1OWC_L2_R19F0000551.R2.fastq.gz	
2102163S1OWC_L2_R64Y0000647	2102163S1OWC_L2_R64Y0000647	unknown	0	/home/zhangmeigroup/luoxin23/upload20251105/fastq/2102163S1OWC_L2_R64Y0000647.R1.fastq.gz	/home/zhangmeigroup/luoxin23/upload20251105/fastq/2102163S1OWC_L2_R64Y0000647.R2.fastq.gz	
2102164S1OWC_L2_R60Y0000740	2102164S1OWC_L2_R60Y0000740	unknown	0	/home/zhangmeigroup/luoxin23/upload20251105/fastq/2102164S1OWC_L2_R60Y0000740.R1.fastq.gz	/home/zhangmeigroup/luoxin23/upload20251105/fastq/2102164S1OWC_L2_R60Y0000740.R2.fastq.gz	
2102352S1OWC_L3_R65F0000552	2102352S1OWC_L3_R65F0000552	unknown	0	/home/zhangmeigroup/luoxin23/upload20251105/fastq/2102352S1OWC_L3_R65F0000552.R1.fastq.gz	/home/zhangmeigroup/luoxin23/upload20251105/fastq/2102352S1OWC_L3_R65F0000552.R2.fastq.gz	
2102353S1OWC_L3_R69Y0000715	2102353S1OWC_L3_R69Y0000715	unknown	0	/home/zhangmeigroup/luoxin23/upload20251105/fastq/2102353S1OWC_L3_R69Y0000715.R1.fastq.gz	/home/zhangmeigroup/luoxin23/upload20251105/fastq/2102353S1OWC_L3_R69Y0000715.R2.fastq.gz	
2102354S1OWC_L3_R48Y0000684	2102354S1OWC_L3_R48Y0000684	unknown	0	/home/zhangmeigroup/luoxin23/upload20251105/fastq/2102354S1OWC_L3_R48Y0000684.R1.fastq.gz	/home/zhangmeigroup/luoxin23/upload20251105/fastq/2102354S1OWC_L3_R48Y0000684.R2.fastq.gz	
2102355S1OWC_L3_R63Y0000665	2102355S1OWC_L3_R63Y0000665	unknown	0	/home/zhangmeigroup/luoxin23/upload20251105/fastq/2102355S1OWC_L3_R63Y0000665.R1.fastq.gz	/home/zhangmeigroup/luoxin23/upload20251105/fastq/2102355S1OWC_L3_R63Y0000665.R2.fastq.gz	
2103014S1OWC	2103014S1OWC	unknown	0	/home/zhangmeigroup/luoxin23/upload20251105/fastq/2103014S1OWC_S4_R1_001.fastq.gz	/home/zhangmeigroup/luoxin23/upload20251105/fastq/2103014S1OWC_S4_R2_001.fastq.gz	
2103015S1OWC	2103015S1OWC	unknown	0	/home/zhangmeigroup/luoxin23/upload20251105/fastq/2103015S1OWC_S5_R1_001.fastq.gz	/home/zhangmeigroup/luoxin23/upload20251105/fastq/2103015S1OWC_S5_R2_001.fastq.gz	
2103016S1OWC	2103016S1OWC	unknown	0	/home/zhangmeigroup/luoxin23/upload20251105/fastq/2103016S1OWC_S6_R1_001.fastq.gz	/home/zhangmeigroup/luoxin23/upload20251105/fastq/2103016S1OWC_S6_R2_001.fastq.gz	
2103017S1OWC	2103017S1OWC	unknown	0	/home/zhangmeigroup/luoxin23/upload20251105/fastq/2103017S1OWC_S7_R1_001.fastq.gz	/home/zhangmeigroup/luoxin23/upload20251105/fastq/2103017S1OWC_S7_R2_001.fastq.gz	
2103018S1OWC	2103018S1OWC	unknown	0	/home/zhangmeigroup/luoxin23/upload20251105/fastq/2103018S1OWC_S8_R1_001.fastq.gz	/home/zhangmeigroup/luoxin23/upload20251105/fastq/2103018S1OWC_S8_R2_001.fastq.gz	
2103019S1OWC	2103019S1OWC	unknown	0	/home/zhangmeigroup/luoxin23/upload20251105/fastq/2103019S1OWC_S9_R1_001.fastq.gz	/home/zhangmeigroup/luoxin23/upload20251105/fastq/2103019S1OWC_S9_R2_001.fastq.gz	
2103020S1OWC	2103020S1OWC	unknown	0	/home/zhangmeigroup/luoxin23/upload20251105/fastq/2103020S1OWC_S10_R1_001.fastq.gz	/home/zhangmeigroup/luoxin23/upload20251105/fastq/2103020S1OWC_S10_R2_001.fastq.gz	
2103021S1OWC	2103021S1OWC	unknown	0	/home/zhangmeigroup/luoxin23/upload20251105/fastq/2103021S1OWC_S11_R1_001.fastq.gz	/home/zhangmeigroup/luoxin23/upload20251105/fastq/2103021S1OWC_S11_R2_001.fastq.gz	
2103022S1OWC	2103022S1OWC	unknown	0	/home/zhangmeigroup/luoxin23/upload20251105/fastq/2103022S1OWC_S12_R1_001.fastq.gz	/home/zhangmeigroup/luoxin23/upload20251105/fastq/2103022S1OWC_S12_R2_001.fastq.gz	
2103023S1OWC	2103023S1OWC	unknown	0	/home/zhangmeigroup/luoxin23/upload20251105/fastq/2103023S1OWC_S13_R1_001.fastq.gz	/home/zhangmeigroup/luoxin23/upload20251105/fastq/2103023S1OWC_S13_R2_001.fastq.gz	
2104621S1OWC_L4_R19Y0000740	2104621S1OWC_L4_R19Y0000740	unknown	0	/home/zhangmeigroup/luoxin23/upload20251105/fastq/2104621S1OWC_L4_R19Y0000740.R1.fastq.gz	/home/zhangmeigroup/luoxin23/upload20251105/fastq/2104621S1OWC_L4_R19Y0000740.R2.fastq.gz	
2104622S1OWC_L4_R64F0000552	2104622S1OWC_L4_R64F0000552	unknown	0	/home/zhangmeigroup/luoxin23/upload20251105/fastq/2104622S1OWC_L4_R64F0000552.R1.fastq.gz	/home/zhangmeigroup/luoxin23/upload20251105/fastq/2104622S1OWC_L4_R64F0000552.R2.fastq.gz	
2104623S1OWC_L4_R60Y0000715	2104623S1OWC_L4_R60Y0000715	unknown	0	/home/zhangmeigroup/luoxin23/upload20251105/fastq/2104623S1OWC_L4_R60Y0000715.R1.fastq.gz	/home/zhangmeigroup/luoxin23/upload20251105/fastq/2104623S1OWC_L4_R60Y0000715.R2.fastq.gz	
2104624S1OWC_L4_R90Y0000684	2104624S1OWC_L4_R90Y0000684	unknown	0	/home/zhangmeigroup/luoxin23/upload20251105/fastq/2104624S1OWC_L4_R90Y0000684.R1.fastq.gz	/home/zhangmeigroup/luoxin23/upload20251105/fastq/2104624S1OWC_L4_R90Y0000684.R2.fastq.gz	
2104640S1OWC_L4_R69Y0002393	2104640S1OWC_L4_R69Y0002393	unknown	0	/home/zhangmeigroup/luoxin23/upload20251105/fastq/2104640S1OWC_L4_R69Y0002393.R1.fastq.gz	/home/zhangmeigroup/luoxin23/upload20251105/fastq/2104640S1OWC_L4_R69Y0002393.R2.fastq.gz	
2104641S1OWC_L4_R26Y0000662	2104641S1OWC_L4_R26Y0000662	unknown	0	/home/zhangmeigroup/luoxin23/upload20251105/fastq/2104641S1OWC_L4_R26Y0000662.R1.fastq.gz	/home/zhangmeigroup/luoxin23/upload20251105/fastq/2104641S1OWC_L4_R26Y0000662.R2.fastq.gz	
2104642S1OWC_L4_R48Y0000081	2104642S1OWC_L4_R48Y0000081	unknown	0	/home/zhangmeigroup/luoxin23/upload20251105/fastq/2104642S1OWC_L4_R48Y0000081.R1.fastq.gz	/home/zhangmeigroup/luoxin23/upload20251105/fastq/2104642S1OWC_L4_R48Y0000081.R2.fastq.gz	
2104643S1OWC_L4_R63Y0000648	2104643S1OWC_L4_R63Y0000648	unknown	0	/home/zhangmeigroup/luoxin23/upload20251105/fastq/2104643S1OWC_L4_R63Y0000648.R1.fastq.gz	/home/zhangmeigroup/luoxin23/upload20251105/fastq/2104643S1OWC_L4_R63Y0000648.R2.fastq.gz	
2104644S1OWC_L4_R30F0000341	2104644S1OWC_L4_R30F0000341	unknown	0	/home/zhangmeigroup/luoxin23/upload20251105/fastq/2104644S1OWC_L4_R30F0000341.R1.fastq.gz	/home/zhangmeigroup/luoxin23/upload20251105/fastq/2104644S1OWC_L4_R30F0000341.R2.fastq.gz	
2104645S1OWC_L4_R13Y0000666	2104645S1OWC_L4_R13Y0000666	unknown	0	/home/zhangmeigroup/luoxin23/upload20251105/fastq/2104645S1OWC_L4_R13Y0000666.R1.fastq.gz	/home/zhangmeigroup/luoxin23/upload20251105/fastq/2104645S1OWC_L4_R13Y0000666.R2.fastq.gz	
2104646S1OWC_L4_R68Y0000726	2104646S1OWC_L4_R68Y0000726	unknown	0	/home/zhangmeigroup/luoxin23/upload20251105/fastq/2104646S1OWC_L4_R68Y0000726.R1.fastq.gz	/home/zhangmeigroup/luoxin23/upload20251105/fastq/2104646S1OWC_L4_R68Y0000726.R2.fastq.gz	
2104647S1OWC_L4_R04Y0000645	2104647S1OWC_L4_R04Y0000645	unknown	0	/home/zhangmeigroup/luoxin23/upload20251105/fastq/2104647S1OWC_L4_R04Y0000645.R1.fastq.gz	/home/zhangmeigroup/luoxin23/upload20251105/fastq/2104647S1OWC_L4_R04Y0000645.R2.fastq.gz	
2104648S1OWC_L4_R58F0000551	2104648S1OWC_L4_R58F0000551	unknown	0	/home/zhangmeigroup/luoxin23/upload20251105/fastq/2104648S1OWC_L4_R58F0000551.R1.fastq.gz	/home/zhangmeigroup/luoxin23/upload20251105/fastq/2104648S1OWC_L4_R58F0000551.R2.fastq.gz	
2104649S1OWC_L4_R19Y0000647	2104649S1OWC_L4_R19Y0000647	unknown	0	/home/zhangmeigroup/luoxin23/upload20251105/fastq/2104649S1OWC_L4_R19Y0000647.R1.fastq.gz	/home/zhangmeigroup/luoxin23/upload20251105/fastq/2104649S1OWC_L4_R19Y0000647.R2.fastq.gz	
2104650S1OWC_L4_R64Y0000740	2104650S1OWC_L4_R64Y0000740	unknown	0	/home/zhangmeigroup/luoxin23/upload20251105/fastq/2104650S1OWC_L4_R64Y0000740.R1.fastq.gz	/home/zhangmeigroup/luoxin23/upload20251105/fastq/2104650S1OWC_L4_R64Y0000740.R2.fastq.gz	
2104651S1OWC_L4_R60F0000552	2104651S1OWC_L4_R60F0000552	unknown	0	/home/zhangmeigroup/luoxin23/upload20251105/fastq/2104651S1OWC_L4_R60F0000552.R1.fastq.gz	/home/zhangmeigroup/luoxin23/upload20251105/fastq/2104651S1OWC_L4_R60F0000552.R2.fastq.gz	
2104652S1OWC_L4_R06Y0000715	2104652S1OWC_L4_R06Y0000715	unknown	0	/home/zhangmeigroup/luoxin23/upload20251105/fastq/2104652S1OWC_L4_R06Y0000715.R1.fastq.gz	/home/zhangmeigroup/luoxin23/upload20251105/fastq/2104652S1OWC_L4_R06Y0000715.R2.fastq.gz	
2104653S1OWC_L4_R65Y0000684	2104653S1OWC_L4_R65Y0000684	unknown	0	/home/zhangmeigroup/luoxin23/upload20251105/fastq/2104653S1OWC_L4_R65Y0000684.R1.fastq.gz	/home/zhangmeigroup/luoxin23/upload20251105/fastq/2104653S1OWC_L4_R65Y0000684.R2.fastq.gz	
2105363S1OWC_L3_R65Y0000645	2105363S1OWC_L3_R65Y0000645	unknown	0	/home/zhangmeigroup/luoxin23/upload20251105/fastq/2105363S1OWC_L3_R65Y0000645.R1.fastq.gz	/home/zhangmeigroup/luoxin23/upload20251105/fastq/2105363S1OWC_L3_R65Y0000645.R2.fastq.gz	
2105364S1OWC_L3_R69F0000551	2105364S1OWC_L3_R69F0000551	unknown	0	/home/zhangmeigroup/luoxin23/upload20251105/fastq/2105364S1OWC_L3_R69F0000551.R1.fastq.gz	/home/zhangmeigroup/luoxin23/upload20251105/fastq/2105364S1OWC_L3_R69F0000551.R2.fastq.gz	
2105365S1OWC_L3_R26Y0000647	2105365S1OWC_L3_R26Y0000647	unknown	0	/home/zhangmeigroup/luoxin23/upload20251105/fastq/2105365S1OWC_L3_R26Y0000647.R1.fastq.gz	/home/zhangmeigroup/luoxin23/upload20251105/fastq/2105365S1OWC_L3_R26Y0000647.R2.fastq.gz	
2105435S1OWC_L1_R90Y0000666	2105435S1OWC_L1_R90Y0000666	unknown	0	/home/zhangmeigroup/luoxin23/upload20251105/fastq/2105435S1OWC_L1_R90Y0000666.R1.fastq.gz	/home/zhangmeigroup/luoxin23/upload20251105/fastq/2105435S1OWC_L1_R90Y0000666.R2.fastq.gz	
2105436S1OWC_L1_R65Y0000726	2105436S1OWC_L1_R65Y0000726	unknown	0	/home/zhangmeigroup/luoxin23/upload20251105/fastq/2105436S1OWC_L1_R65Y0000726.R1.fastq.gz	/home/zhangmeigroup/luoxin23/upload20251105/fastq/2105436S1OWC_L1_R65Y0000726.R2.fastq.gz	
2105437S1OWC_L1_R69Y0000645	2105437S1OWC_L1_R69Y0000645	unknown	0	/home/zhangmeigroup/luoxin23/upload20251105/fastq/2105437S1OWC_L1_R69Y0000645.R1.fastq.gz	/home/zhangmeigroup/luoxin23/upload20251105/fastq/2105437S1OWC_L1_R69Y0000645.R2.fastq.gz	
2201677S1OWC_L1_R30Y0000662	2201677S1OWC_L1_R30Y0000662	unknown	0	/home/zhangmeigroup/luoxin23/upload20251105/fastq/2201677S1OWC_L1_R30Y0000662.R1.fastq.gz	/home/zhangmeigroup/luoxin23/upload20251105/fastq/2201677S1OWC_L1_R30Y0000662.R2.fastq.gz	
2201678S1OWC_L1_R13Y0000081	2201678S1OWC_L1_R13Y0000081	unknown	0	/home/zhangmeigroup/luoxin23/upload20251105/fastq/2201678S1OWC_L1_R13Y0000081.R1.fastq.gz	/home/zhangmeigroup/luoxin23/upload20251105/fastq/2201678S1OWC_L1_R13Y0000081.R2.fastq.gz	
2201679S1OWC_L1_B0020Y0000648	2201679S1OWC_L1_B0020Y0000648	unknown	0	/home/zhangmeigroup/luoxin23/upload20251105/fastq/2201679S1OWC_L1_B0020Y0000648.R1.fastq.gz	/home/zhangmeigroup/luoxin23/upload20251105/fastq/2201679S1OWC_L1_B0020Y0000648.R2.fastq.gz	
2205171S1OWC_L2_Q0073W0409	2205171S1OWC_L2_Q0073W0409	unknown	0	/home/zhangmeigroup/luoxin23/upload20251105/fastq/2205171S1OWC_L2_Q0073W0409.R1.fastq.gz	/home/zhangmeigroup/luoxin23/upload20251105/fastq/2205171S1OWC_L2_Q0073W0409.R2.fastq.gz	
2300077S1OWC_L4_Q0075W1018	2300077S1OWC_L4_Q0075W1018	unknown	0	/home/zhangmeigroup/luoxin23/upload20251105/fastq/2300077S1OWC_L4_Q0075W1018.R1.fastq.gz	/home/zhangmeigroup/luoxin23/upload20251105/fastq/2300077S1OWC_L4_Q0075W1018.R2.fastq.gz	
2300078S1OWC_L4_Q0072W0393	2300078S1OWC_L4_Q0072W0393	unknown	0	/home/zhangmeigroup/luoxin23/upload20251105/fastq/2300078S1OWC_L4_Q0072W0393.R1.fastq.gz	/home/zhangmeigroup/luoxin23/upload20251105/fastq/2300078S1OWC_L4_Q0072W0393.R2.fastq.gz	
2300079S1OWC_L4_Q0074W0409	2300079S1OWC_L4_Q0074W0409	unknown	0	/home/zhangmeigroup/luoxin23/upload20251105/fastq/2300079S1OWC_L4_Q0074W0409.R1.fastq.gz	/home/zhangmeigroup/luoxin23/upload20251105/fastq/2300079S1OWC_L4_Q0074W0409.R2.fastq.gz	
2300080S1OWC_L4_Q2161W1169	2300080S1OWC_L4_Q2161W1169	unknown	0	/home/zhangmeigroup/luoxin23/upload20251105/fastq/2300080S1OWC_L4_Q2161W1169.R1.fastq.gz	/home/zhangmeigroup/luoxin23/upload20251105/fastq/2300080S1OWC_L4_Q2161W1169.R2.fastq.gz	
2300674S1OWC_L1_Q2161W0788	2300674S1OWC_L1_Q2161W0788	unknown	0	/home/zhangmeigroup/luoxin23/upload20251105/fastq/2300674S1OWC_L1_Q2161W0788.R1.fastq.gz	/home/zhangmeigroup/luoxin23/upload20251105/fastq/2300674S1OWC_L1_Q2161W0788.R2.fastq.gz	
2300676S1OWC_L1_Q0075W0787	2300676S1OWC_L1_Q0075W0787	unknown	0	/home/zhangmeigroup/luoxin23/upload20251105/fastq/2300676S1OWC_L1_Q0075W0787.R1.fastq.gz	/home/zhangmeigroup/luoxin23/upload20251105/fastq/2300676S1OWC_L1_Q0075W0787.R2.fastq.gz	
2300677S1OWC_L1_Q2140W0399	2300677S1OWC_L1_Q2140W0399	unknown	0	/home/zhangmeigroup/luoxin23/upload20251105/fastq/2300677S1OWC_L1_Q2140W0399.R1.fastq.gz	/home/zhangmeigroup/luoxin23/upload20251105/fastq/2300677S1OWC_L1_Q2140W0399.R2.fastq.gz	
2300678S1OWC_L1_Q1555W0789	2300678S1OWC_L1_Q1555W0789	unknown	0	/home/zhangmeigroup/luoxin23/upload20251105/fastq/2300678S1OWC_L1_Q1555W0789.R1.fastq.gz	/home/zhangmeigroup/luoxin23/upload20251105/fastq/2300678S1OWC_L1_Q1555W0789.R2.fastq.gz	
2300681S1OWC_L1_Q1556W0393	2300681S1OWC_L1_Q1556W0393	unknown	0	/home/zhangmeigroup/luoxin23/upload20251105/fastq/2300681S1OWC_L1_Q1556W0393.R1.fastq.gz	/home/zhangmeigroup/luoxin23/upload20251105/fastq/2300681S1OWC_L1_Q1556W0393.R2.fastq.gz	
2300682S1OWC_L1_Q1557W0409	2300682S1OWC_L1_Q1557W0409	unknown	0	/home/zhangmeigroup/luoxin23/upload20251105/fastq/2300682S1OWC_L1_Q1557W0409.R1.fastq.gz	/home/zhangmeigroup/luoxin23/upload20251105/fastq/2300682S1OWC_L1_Q1557W0409.R2.fastq.gz	
2300683S1OWC_L1_Q1558W1169	2300683S1OWC_L1_Q1558W1169	unknown	0	/home/zhangmeigroup/luoxin23/upload20251105/fastq/2300683S1OWC_L1_Q1558W1169.R1.fastq.gz	/home/zhangmeigroup/luoxin23/upload20251105/fastq/2300683S1OWC_L1_Q1558W1169.R2.fastq.gz	
2300684S1OWC_L1_Q0073W1018	2300684S1OWC_L1_Q0073W1018	unknown	0	/home/zhangmeigroup/luoxin23/upload20251105/fastq/2300684S1OWC_L1_Q0073W1018.R1.fastq.gz	/home/zhangmeigroup/luoxin23/upload20251105/fastq/2300684S1OWC_L1_Q0073W1018.R2.fastq.gz	
2300685S1OWC_L1_Q0067W1170	2300685S1OWC_L1_Q0067W1170	unknown	0	/home/zhangmeigroup/luoxin23/upload20251105/fastq/2300685S1OWC_L1_Q0067W1170.R1.fastq.gz	/home/zhangmeigroup/luoxin23/upload20251105/fastq/2300685S1OWC_L1_Q0067W1170.R2.fastq.gz	
2300686S1OWC_L1_Q0068W1021	2300686S1OWC_L1_Q0068W1021	unknown	0	/home/zhangmeigroup/luoxin23/upload20251105/fastq/2300686S1OWC_L1_Q0068W1021.R1.fastq.gz	/home/zhangmeigroup/luoxin23/upload20251105/fastq/2300686S1OWC_L1_Q0068W1021.R2.fastq.gz	
2300687S1OWC_L1_Q0069W1443	2300687S1OWC_L1_Q0069W1443	unknown	0	/home/zhangmeigroup/luoxin23/upload20251105/fastq/2300687S1OWC_L1_Q0069W1443.R1.fastq.gz	/home/zhangmeigroup/luoxin23/upload20251105/fastq/2300687S1OWC_L1_Q0069W1443.R2.fastq.gz	
2300688S1OWC_L1_Q0070W1020	2300688S1OWC_L1_Q0070W1020	unknown	0	/home/zhangmeigroup/luoxin23/upload20251105/fastq/2300688S1OWC_L1_Q0070W1020.R1.fastq.gz	/home/zhangmeigroup/luoxin23/upload20251105/fastq/2300688S1OWC_L1_Q0070W1020.R2.fastq.gz	
2300689S1OWC_L1_Q0072W0791	2300689S1OWC_L1_Q0072W0791	unknown	0	/home/zhangmeigroup/luoxin23/upload20251105/fastq/2300689S1OWC_L1_Q0072W0791.R1.fastq.gz	/home/zhangmeigroup/luoxin23/upload20251105/fastq/2300689S1OWC_L1_Q0072W0791.R2.fastq.gz	
2301036S1OWC_L2_Q1557W0787	2301036S1OWC_L2_Q1557W0787	unknown	0	/home/zhangmeigroup/luoxin23/upload20251105/fastq/2301036S1OWC_L2_Q1557W0787.R1.fastq.gz	/home/zhangmeigroup/luoxin23/upload20251105/fastq/2301036S1OWC_L2_Q1557W0787.R2.fastq.gz	
2301037S1OWC_L2_Q1558W0399	2301037S1OWC_L2_Q1558W0399	unknown	0	/home/zhangmeigroup/luoxin23/upload20251105/fastq/2301037S1OWC_L2_Q1558W0399.R1.fastq.gz	/home/zhangmeigroup/luoxin23/upload20251105/fastq/2301037S1OWC_L2_Q1558W0399.R2.fastq.gz	
2301038S1OWC_L2_Q0073W0789	2301038S1OWC_L2_Q0073W0789	unknown	0	/home/zhangmeigroup/luoxin23/upload20251105/fastq/2301038S1OWC_L2_Q0073W0789.R1.fastq.gz	/home/zhangmeigroup/luoxin23/upload20251105/fastq/2301038S1OWC_L2_Q0073W0789.R2.fastq.gz	
2301039S1OWC_L2_Q0067W0393	2301039S1OWC_L2_Q0067W0393	unknown	0	/home/zhangmeigroup/luoxin23/upload20251105/fastq/2301039S1OWC_L2_Q0067W0393.R1.fastq.gz	/home/zhangmeigroup/luoxin23/upload20251105/fastq/2301039S1OWC_L2_Q0067W0393.R2.fastq.gz	
2301040S1OWC_L2_Q0068W0409	2301040S1OWC_L2_Q0068W0409	unknown	0	/home/zhangmeigroup/luoxin23/upload20251105/fastq/2301040S1OWC_L2_Q0068W0409.R1.fastq.gz	/home/zhangmeigroup/luoxin23/upload20251105/fastq/2301040S1OWC_L2_Q0068W0409.R2.fastq.gz	
2301041S1OWC_L2_Q0069W1169	2301041S1OWC_L2_Q0069W1169	unknown	0	/home/zhangmeigroup/luoxin23/upload20251105/fastq/2301041S1OWC_L2_Q0069W1169.R1.fastq.gz	/home/zhangmeigroup/luoxin23/upload20251105/fastq/2301041S1OWC_L2_Q0069W1169.R2.fastq.gz	
2301042S1OWC_L2_Q0070W1018	2301042S1OWC_L2_Q0070W1018	unknown	0	/home/zhangmeigroup/luoxin23/upload20251105/fastq/2301042S1OWC_L2_Q0070W1018.R1.fastq.gz	/home/zhangmeigroup/luoxin23/upload20251105/fastq/2301042S1OWC_L2_Q0070W1018.R2.fastq.gz	
2301043S1OWC_L2_Q0071W1170	2301043S1OWC_L2_Q0071W1170	unknown	0	/home/zhangmeigroup/luoxin23/upload20251105/fastq/2301043S1OWC_L2_Q0071W1170.R1.fastq.gz	/home/zhangmeigroup/luoxin23/upload20251105/fastq/2301043S1OWC_L2_Q0071W1170.R2.fastq.gz	
2301044S1OWC_L2_Q0072W1021	2301044S1OWC_L2_Q0072W1021	unknown	0	/home/zhangmeigroup/luoxin23/upload20251105/fastq/2301044S1OWC_L2_Q0072W1021.R1.fastq.gz	/home/zhangmeigroup/luoxin23/upload20251105/fastq/2301044S1OWC_L2_Q0072W1021.R2.fastq.gz	
2301045S1OWC_L2_Q0074W1443	2301045S1OWC_L2_Q0074W1443	unknown	0	/home/zhangmeigroup/luoxin23/upload20251105/fastq/2301045S1OWC_L2_Q0074W1443.R1.fastq.gz	/home/zhangmeigroup/luoxin23/upload20251105/fastq/2301045S1OWC_L2_Q0074W1443.R2.fastq.gz	
2301046S1OWC_L2_Q0074W1020	2301046S1OWC_L2_Q0074W1020	unknown	0	/home/zhangmeigroup/luoxin23/upload20251105/fastq/2301046S1OWC_L2_Q0074W1020.R1.fastq.gz	/home/zhangmeigroup/luoxin23/upload20251105/fastq/2301046S1OWC_L2_Q0074W1020.R2.fastq.gz	
2301047S1OWC_L2_Q0075W0791	2301047S1OWC_L2_Q0075W0791	unknown	0	/home/zhangmeigroup/luoxin23/upload20251105/fastq/2301047S1OWC_L2_Q0075W0791.R1.fastq.gz	/home/zhangmeigroup/luoxin23/upload20251105/fastq/2301047S1OWC_L2_Q0075W0791.R2.fastq.gz	
2301048S1OWC_L2_Q2140W0790	2301048S1OWC_L2_Q2140W0790	unknown	0	/home/zhangmeigroup/luoxin23/upload20251105/fastq/2301048S1OWC_L2_Q2140W0790.R1.fastq.gz	/home/zhangmeigroup/luoxin23/upload20251105/fastq/2301048S1OWC_L2_Q2140W0790.R2.fastq.gz	
2301049S1OWC_L2_Q1555W0786	2301049S1OWC_L2_Q1555W0786	unknown	0	/home/zhangmeigroup/luoxin23/upload20251105/fastq/2301049S1OWC_L2_Q1555W0786.R1.fastq.gz	/home/zhangmeigroup/luoxin23/upload20251105/fastq/2301049S1OWC_L2_Q1555W0786.R2.fastq.gz	
2301050S1OWC_L2_Q1556W0788	2301050S1OWC_L2_Q1556W0788	unknown	0	/home/zhangmeigroup/luoxin23/upload20251105/fastq/2301050S1OWC_L2_Q1556W0788.R1.fastq.gz	/home/zhangmeigroup/luoxin23/upload20251105/fastq/2301050S1OWC_L2_Q1556W0788.R2.fastq.gz	
2301280S1OWC_L2_Q0073W0788	2301280S1OWC_L2_Q0073W0788	unknown	0	/home/zhangmeigroup/luoxin23/upload20251105/fastq/2301280S1OWC_L2_Q0073W0788.R1.fastq.gz	/home/zhangmeigroup/luoxin23/upload20251105/fastq/2301280S1OWC_L2_Q0073W0788.R2.fastq.gz	
2301281S1OWC_L2_Q0067W0787	2301281S1OWC_L2_Q0067W0787	unknown	0	/home/zhangmeigroup/luoxin23/upload20251105/fastq/2301281S1OWC_L2_Q0067W0787.R1.fastq.gz	/home/zhangmeigroup/luoxin23/upload20251105/fastq/2301281S1OWC_L2_Q0067W0787.R2.fastq.gz	
2301282S1OWC_L2_Q0068W0399	2301282S1OWC_L2_Q0068W0399	unknown	0	/home/zhangmeigroup/luoxin23/upload20251105/fastq/2301282S1OWC_L2_Q0068W0399.R1.fastq.gz	/home/zhangmeigroup/luoxin23/upload20251105/fastq/2301282S1OWC_L2_Q0068W0399.R2.fastq.gz	
2301415S1OWC_L2_Q0069W0789	2301415S1OWC_L2_Q0069W0789	unknown	0	/home/zhangmeigroup/luoxin23/upload20251105/fastq/2301415S1OWC_L2_Q0069W0789.R1.fastq.gz	/home/zhangmeigroup/luoxin23/upload20251105/fastq/2301415S1OWC_L2_Q0069W0789.R2.fastq.gz	
2301416S1OWC_L2_Q0070W0393	2301416S1OWC_L2_Q0070W0393	unknown	0	/home/zhangmeigroup/luoxin23/upload20251105/fastq/2301416S1OWC_L2_Q0070W0393.R1.fastq.gz	/home/zhangmeigroup/luoxin23/upload20251105/fastq/2301416S1OWC_L2_Q0070W0393.R2.fastq.gz	
2301417S1OWC_L2_Q0071W0409	2301417S1OWC_L2_Q0071W0409	unknown	0	/home/zhangmeigroup/luoxin23/upload20251105/fastq/2301417S1OWC_L2_Q0071W0409.R1.fastq.gz	/home/zhangmeigroup/luoxin23/upload20251105/fastq/2301417S1OWC_L2_Q0071W0409.R2.fastq.gz	
2301422S1OWC_L2_Q1557W0790	2301422S1OWC_L2_Q1557W0790	unknown	0	/home/zhangmeigroup/luoxin23/upload20251105/fastq/2301422S1OWC_L2_Q1557W0790.R1.fastq.gz	/home/zhangmeigroup/luoxin23/upload20251105/fastq/2301422S1OWC_L2_Q1557W0790.R2.fastq.gz	
2301423S1OWC_L2_Q1558W0786	2301423S1OWC_L2_Q1558W0786	unknown	0	/home/zhangmeigroup/luoxin23/upload20251105/fastq/2301423S1OWC_L2_Q1558W0786.R1.fastq.gz	/home/zhangmeigroup/luoxin23/upload20251105/fastq/2301423S1OWC_L2_Q1558W0786.R2.fastq.gz	
2301574S1OWC_L1_Q1557W1020	2301574S1OWC_L1_Q1557W1020	unknown	0	/home/zhangmeigroup/luoxin23/upload20251105/fastq/2301574S1OWC_L1_Q1557W1020.R1.fastq.gz	/home/zhangmeigroup/luoxin23/upload20251105/fastq/2301574S1OWC_L1_Q1557W1020.R2.fastq.gz	
2301575S1OWC_L1_Q0073W0791	2301575S1OWC_L1_Q0073W0791	unknown	0	/home/zhangmeigroup/luoxin23/upload20251105/fastq/2301575S1OWC_L1_Q0073W0791.R1.fastq.gz	/home/zhangmeigroup/luoxin23/upload20251105/fastq/2301575S1OWC_L1_Q0073W0791.R2.fastq.gz	
2301576S1OWC_L1_Q0067W0790	2301576S1OWC_L1_Q0067W0790	unknown	0	/home/zhangmeigroup/luoxin23/upload20251105/fastq/2301576S1OWC_L1_Q0067W0790.R1.fastq.gz	/home/zhangmeigroup/luoxin23/upload20251105/fastq/2301576S1OWC_L1_Q0067W0790.R2.fastq.gz	
2301577S1OWC_L1_Q2140W1170	2301577S1OWC_L1_Q2140W1170	unknown	0	/home/zhangmeigroup/luoxin23/upload20251105/fastq/2301577S1OWC_L1_Q2140W1170.R1.fastq.gz	/home/zhangmeigroup/luoxin23/upload20251105/fastq/2301577S1OWC_L1_Q2140W1170.R2.fastq.gz	
2301578S1OWC_L1_Q1555W1021	2301578S1OWC_L1_Q1555W1021	unknown	0	/home/zhangmeigroup/luoxin23/upload20251105/fastq/2301578S1OWC_L1_Q1555W1021.R1.fastq.gz	/home/zhangmeigroup/luoxin23/upload20251105/fastq/2301578S1OWC_L1_Q1555W1021.R2.fastq.gz	
2301579S1OWC_L1_Q1556W1443	2301579S1OWC_L1_Q1556W1443	unknown	0	/home/zhangmeigroup/luoxin23/upload20251105/fastq/2301579S1OWC_L1_Q1556W1443.R1.fastq.gz	/home/zhangmeigroup/luoxin23/upload20251105/fastq/2301579S1OWC_L1_Q1556W1443.R2.fastq.gz	
